{
    "nodes": [
        {"id": "a"},
        {"id": "b"},
        {"id": "c"},
        {"id": "d"},
        {"id": "e"},
        {"id": "f"},
        {"id": "g"},
        {"id": "h"},
        {"id": "i"}

        // 'Calexico East', 'Van Buren', 'Otay Mesa', 'Nogales',
        //     'Trout River', 'Madawaska', 'Pembina', 'Progreso', 'Portal',
        //     'Champlain-Rouses Point', 'Opheim', 'Neche', 'Lancaster',
        //     'Derby Line', 'Sarles', 'Wildhorse', 'Lynden', 'Vanceboro',
        //     'San Ysidro', 'Scobey', 'Beecher Falls', 'Calais', 'Massena',
        //     'Oroville', 'Hansboro', 'Ferry', 'Tecate', 'Eastport', 'Walhalla',
        //     'Roma', 'Naco', 'Boquillas', 'Raymond', 'Porthill', 'Norton',
        //     'Sault Sainte Marie', 'Antler', 'Rio Grande City', 'Del Rio',
        //     'Sasabe', 'Highgate Springs-Alburg', 'Del Bonita', 'Houlton',
        //     'Metaline Falls', 'Fort Fairfield', 'Noonan', 'Westhope', 'Blaine',
        //     'Douglas', 'Port Huron', 'Bridgewater', 'Santa Teresa',
        //     'Lukeville', 'Roseau', 'Skagway', 'Fortuna', 'Frontier',
        //     'Baudette', 'Fort Kent', 'Grand Portage', 'Buffalo-Niagara Falls',
        //     'Calexico', 'Pinecreek', 'Northgate', 'Sherwood', 'Laurier',
        //     'Detroit', 'Jackman', 'Ambrose', 'Turner', 'Dunseith', 'Boundary',
        //     'Sumas', 'Alexandria Bay', 'Eagle Pass', 'Carbury', 'Sweetgrass',
        //     'Piegan', 'Tornillo-Fabens', 'El Paso', 'Port Angeles', 'San Luis',
        //     'Danville', 'Nighthawk', 'Warroad', 'Whitlash', 'Maida',
        //     'Limestone', 'Andrade', 'Hidalgo', 'Richford', 'Point Roberts',
        //     'International Falls-Ranier', 'St. John', 'Columbus',
        //     'Brownsville', 'Presidio', 'Ogdensburg', 'Anacortes', 'Morgan',
        //     'Willow Creek', 'Roosville', 'Laredo', 'Hannah', 'Ketchikan',
        //     'Alcan', 'Dalton Cache', 'Cross Border Xpress', 'Friday Harbor',
        //     'Algonac', 'Portland', 'Cape Vincent', 'Toledo-Sandusky',
        //     'Whitetail', 'Noyes', 'Bar Harbor'
    ],
    "links": [
        {"source": "a", "target": "d", "value": 10},
        {"source": "a", "target": "i", "value": 2},
        {"source": "b", "target": "d", "value": 8},
        {"source": "b", "target": "e", "value": 6},
        {"source": "c", "target": "e", "value": 5},
        {"source": "b", "target": "e", "value": 2},
        {"source": "b", "target": "i", "value": 4},
        {"source": "d", "target": "f", "value": 3},
        {"source": "d", "target": "g", "value": 4},
        {"source": "d", "target": "h", "value": 5},
        {"source": "e", "target": "g", "value": 7},
        {"source": "e", "target": "f", "value": 3},
        {"source": "e", "target": "h", "value": 5}
    ]
}